{"frames": [

{
	"filename": "blue_boxCheckmark",
	"frame": {"x":397,"y":445,"w":38,"h":36},
	"rotated": false,
	"trimmed": false,
	"spriteSourceSize": {"x":0,"y":0,"w":38,"h":36},
	"sourceSize": {"w":38,"h":36},
	"pivot": {"x":0.5,"y":0.5}
},
{
	"filename": "blue_boxCross",
	"frame": {"x":427,"y":401,"w":38,"h":36},
	"rotated": false,
	"trimmed": false,
	"spriteSourceSize": {"x":0,"y":0,"w":38,"h":36},
	"sourceSize": {"w":38,"h":36},
	"pivot": {"x":0.5,"y":0.5}
},
{
	"filename": "blue_boxTick",
	"frame": {"x":528,"y":335,"w":36,"h":36},
	"rotated": false,
	"trimmed": false,
	"spriteSourceSize": {"x":0,"y":0,"w":36,"h":36},
	"sourceSize": {"w":36,"h":36},
	"pivot": {"x":0.5,"y":0.5}
},
{
	"filename": "blue_button00",
	"frame": {"x":391,"y":1,"w":190,"h":49},
	"rotated": false,
	"trimmed": false,
	"spriteSourceSize": {"x":0,"y":0,"w":190,"h":49},
	"sourceSize": {"w":190,"h":49},
	"pivot": {"x":0.5,"y":0.5}
},
{
	"filename": "blue_button01",
	"frame": {"x":205,"y":562,"w":190,"h":45},
	"rotated": false,
	"trimmed": false,
	"spriteSourceSize": {"x":0,"y":0,"w":190,"h":45},
	"sourceSize": {"w":190,"h":45},
	"pivot": {"x":0.5,"y":0.5}
},
{
	"filename": "blue_button02",
	"frame": {"x":583,"y":1,"w":190,"h":49},
	"rotated": false,
	"trimmed": false,
	"spriteSourceSize": {"x":0,"y":0,"w":190,"h":49},
	"sourceSize": {"w":190,"h":49},
	"pivot": {"x":0.5,"y":0.5}
},
{
	"filename": "blue_button03",
	"frame": {"x":256,"y":307,"w":190,"h":45},
	"rotated": false,
	"trimmed": false,
	"spriteSourceSize": {"x":0,"y":0,"w":190,"h":45},
	"sourceSize": {"w":190,"h":45},
	"pivot": {"x":0.5,"y":0.5}
},
{
	"filename": "blue_button04",
	"frame": {"x":775,"y":1,"w":190,"h":49},
	"rotated": false,
	"trimmed": false,
	"spriteSourceSize": {"x":0,"y":0,"w":190,"h":49},
	"sourceSize": {"w":190,"h":49},
	"pivot": {"x":0.5,"y":0.5}
},
{
	"filename": "blue_button05",
	"frame": {"x":295,"y":103,"w":190,"h":45},
	"rotated": false,
	"trimmed": false,
	"spriteSourceSize": {"x":0,"y":0,"w":190,"h":45},
	"sourceSize": {"w":190,"h":45},
	"pivot": {"x":0.5,"y":0.5}
},
{
	"filename": "blue_button06",
	"frame": {"x":967,"y":1,"w":49,"h":49},
	"rotated": false,
	"trimmed": false,
	"spriteSourceSize": {"x":0,"y":0,"w":49,"h":49},
	"sourceSize": {"w":49,"h":49},
	"pivot": {"x":0.5,"y":0.5}
},
{
	"filename": "blue_button07",
	"frame": {"x":961,"y":52,"w":49,"h":49},
	"rotated": false,
	"trimmed": false,
	"spriteSourceSize": {"x":0,"y":0,"w":49,"h":49},
	"sourceSize": {"w":49,"h":49},
	"pivot": {"x":0.5,"y":0.5}
},
{
	"filename": "blue_button08",
	"frame": {"x":871,"y":103,"w":49,"h":45},
	"rotated": false,
	"trimmed": false,
	"spriteSourceSize": {"x":0,"y":0,"w":49,"h":45},
	"sourceSize": {"w":49,"h":45},
	"pivot": {"x":0.5,"y":0.5}
},
{
	"filename": "blue_button09",
	"frame": {"x":103,"y":307,"w":49,"h":49},
	"rotated": false,
	"trimmed": false,
	"spriteSourceSize": {"x":0,"y":0,"w":49,"h":49},
	"sourceSize": {"w":49,"h":49},
	"pivot": {"x":0.5,"y":0.5}
},
{
	"filename": "blue_button10",
	"frame": {"x":922,"y":103,"w":49,"h":45},
	"rotated": false,
	"trimmed": false,
	"spriteSourceSize": {"x":0,"y":0,"w":49,"h":45},
	"sourceSize": {"w":49,"h":45},
	"pivot": {"x":0.5,"y":0.5}
},
{
	"filename": "blue_button11",
	"frame": {"x":103,"y":358,"w":49,"h":49},
	"rotated": false,
	"trimmed": false,
	"spriteSourceSize": {"x":0,"y":0,"w":49,"h":49},
	"sourceSize": {"w":49,"h":49},
	"pivot": {"x":0.5,"y":0.5}
},
{
	"filename": "blue_button12",
	"frame": {"x":973,"y":103,"w":49,"h":45},
	"rotated": false,
	"trimmed": false,
	"spriteSourceSize": {"x":0,"y":0,"w":49,"h":45},
	"sourceSize": {"w":49,"h":45},
	"pivot": {"x":0.5,"y":0.5}
},
{
	"filename": "blue_button13",
	"frame": {"x":1,"y":52,"w":190,"h":49},
	"rotated": false,
	"trimmed": false,
	"spriteSourceSize": {"x":0,"y":0,"w":190,"h":49},
	"sourceSize": {"w":190,"h":49},
	"pivot": {"x":0.5,"y":0.5}
},
{
	"filename": "blue_checkmark",
	"frame": {"x":1000,"y":291,"w":21,"h":20},
	"rotated": false,
	"trimmed": false,
	"spriteSourceSize": {"x":0,"y":0,"w":21,"h":20},
	"sourceSize": {"w":21,"h":20},
	"pivot": {"x":0.5,"y":0.5}
},
{
	"filename": "blue_circle",
	"frame": {"x":566,"y":335,"w":36,"h":36},
	"rotated": false,
	"trimmed": false,
	"spriteSourceSize": {"x":0,"y":0,"w":36,"h":36},
	"sourceSize": {"w":36,"h":36},
	"pivot": {"x":0.5,"y":0.5}
},
{
	"filename": "blue_cross",
	"frame": {"x":256,"y":542,"w":18,"h":18},
	"rotated": false,
	"trimmed": false,
	"spriteSourceSize": {"x":0,"y":0,"w":18,"h":18},
	"sourceSize": {"w":18,"h":18},
	"pivot": {"x":0.5,"y":0.5}
},
{
	"filename": "blue_panel",
	"frame": {"x":1,"y":103,"w":100,"h":100},
	"rotated": false,
	"trimmed": false,
	"spriteSourceSize": {"x":0,"y":0,"w":100,"h":100},
	"sourceSize": {"w":100,"h":100},
	"pivot": {"x":0.5,"y":0.5}
},
{
	"filename": "blue_sliderDown",
	"frame": {"x":307,"y":401,"w":28,"h":42},
	"rotated": false,
	"trimmed": false,
	"spriteSourceSize": {"x":0,"y":0,"w":28,"h":42},
	"sourceSize": {"w":28,"h":42},
	"pivot": {"x":0.5,"y":0.5}
},
{
	"filename": "blue_sliderLeft",
	"frame": {"x":515,"y":475,"w":39,"h":31},
	"rotated": false,
	"trimmed": false,
	"spriteSourceSize": {"x":0,"y":0,"w":39,"h":31},
	"sourceSize": {"w":39,"h":31},
	"pivot": {"x":0.5,"y":0.5}
},
{
	"filename": "blue_sliderRight",
	"frame": {"x":553,"y":437,"w":39,"h":31},
	"rotated": false,
	"trimmed": false,
	"spriteSourceSize": {"x":0,"y":0,"w":39,"h":31},
	"sourceSize": {"w":39,"h":31},
	"pivot": {"x":0.5,"y":0.5}
},
{
	"filename": "blue_sliderUp",
	"frame": {"x":307,"y":445,"w":28,"h":42},
	"rotated": false,
	"trimmed": false,
	"spriteSourceSize": {"x":0,"y":0,"w":28,"h":42},
	"sourceSize": {"w":28,"h":42},
	"pivot": {"x":0.5,"y":0.5}
},
{
	"filename": "blue_tick",
	"frame": {"x":787,"y":339,"w":17,"h":17},
	"rotated": false,
	"trimmed": false,
	"spriteSourceSize": {"x":0,"y":0,"w":17,"h":17},
	"sourceSize": {"w":17,"h":17},
	"pivot": {"x":0.5,"y":0.5}
},
{
	"filename": "dropdownBottom",
	"frame": {"x":316,"y":533,"w":190,"h":24},
	"rotated": false,
	"trimmed": false,
	"spriteSourceSize": {"x":0,"y":0,"w":190,"h":24},
	"sourceSize": {"w":190,"h":24},
	"pivot": {"x":0.5,"y":0.5}
},
{
	"filename": "dropdownMid",
	"frame": {"x":448,"y":373,"w":190,"h":24},
	"rotated": false,
	"trimmed": false,
	"spriteSourceSize": {"x":0,"y":0,"w":190,"h":24},
	"sourceSize": {"w":190,"h":24},
	"pivot": {"x":0.5,"y":0.5}
},
{
	"filename": "dropdownTop",
	"frame": {"x":644,"y":291,"w":190,"h":24},
	"rotated": false,
	"trimmed": false,
	"spriteSourceSize": {"x":0,"y":0,"w":190,"h":24},
	"sourceSize": {"w":190,"h":24},
	"pivot": {"x":0.5,"y":0.5}
},
{
	"filename": "green_boxCheckmark",
	"frame": {"x":397,"y":483,"w":38,"h":36},
	"rotated": false,
	"trimmed": false,
	"spriteSourceSize": {"x":0,"y":0,"w":38,"h":36},
	"sourceSize": {"w":38,"h":36},
	"pivot": {"x":0.5,"y":0.5}
},
{
	"filename": "green_boxCross",
	"frame": {"x":437,"y":439,"w":38,"h":36},
	"rotated": false,
	"trimmed": false,
	"spriteSourceSize": {"x":0,"y":0,"w":38,"h":36},
	"sourceSize": {"w":38,"h":36},
	"pivot": {"x":0.5,"y":0.5}
},
{
	"filename": "green_boxTick",
	"frame": {"x":568,"y":291,"w":36,"h":36},
	"rotated": false,
	"trimmed": false,
	"spriteSourceSize": {"x":0,"y":0,"w":36,"h":36},
	"sourceSize": {"w":36,"h":36},
	"pivot": {"x":0.5,"y":0.5}
},
{
	"filename": "green_button00",
	"frame": {"x":193,"y":52,"w":190,"h":49},
	"rotated": false,
	"trimmed": false,
	"spriteSourceSize": {"x":0,"y":0,"w":190,"h":49},
	"sourceSize": {"w":190,"h":49},
	"pivot": {"x":0.5,"y":0.5}
},
{
	"filename": "green_button01",
	"frame": {"x":295,"y":150,"w":190,"h":45},
	"rotated": false,
	"trimmed": false,
	"spriteSourceSize": {"x":0,"y":0,"w":190,"h":45},
	"sourceSize": {"w":190,"h":45},
	"pivot": {"x":0.5,"y":0.5}
},
{
	"filename": "green_button02",
	"frame": {"x":385,"y":52,"w":190,"h":49},
	"rotated": false,
	"trimmed": false,
	"spriteSourceSize": {"x":0,"y":0,"w":190,"h":49},
	"sourceSize": {"w":190,"h":49},
	"pivot": {"x":0.5,"y":0.5}
},
{
	"filename": "green_button03",
	"frame": {"x":295,"y":197,"w":190,"h":45},
	"rotated": false,
	"trimmed": false,
	"spriteSourceSize": {"x":0,"y":0,"w":190,"h":45},
	"sourceSize": {"w":190,"h":45},
	"pivot": {"x":0.5,"y":0.5}
},
{
	"filename": "green_button04",
	"frame": {"x":577,"y":52,"w":190,"h":49},
	"rotated": false,
	"trimmed": false,
	"spriteSourceSize": {"x":0,"y":0,"w":190,"h":49},
	"sourceSize": {"w":190,"h":49},
	"pivot": {"x":0.5,"y":0.5}
},
{
	"filename": "green_button05",
	"frame": {"x":295,"y":244,"w":190,"h":45},
	"rotated": false,
	"trimmed": false,
	"spriteSourceSize": {"x":0,"y":0,"w":190,"h":45},
	"sourceSize": {"w":190,"h":45},
	"pivot": {"x":0.5,"y":0.5}
},
{
	"filename": "green_button06",
	"frame": {"x":103,"y":409,"w":49,"h":49},
	"rotated": false,
	"trimmed": false,
	"spriteSourceSize": {"x":0,"y":0,"w":49,"h":49},
	"sourceSize": {"w":49,"h":49},
	"pivot": {"x":0.5,"y":0.5}
},
{
	"filename": "green_button07",
	"frame": {"x":103,"y":460,"w":49,"h":49},
	"rotated": false,
	"trimmed": false,
	"spriteSourceSize": {"x":0,"y":0,"w":49,"h":49},
	"sourceSize": {"w":49,"h":49},
	"pivot": {"x":0.5,"y":0.5}
},
{
	"filename": "green_button08",
	"frame": {"x":871,"y":150,"w":49,"h":45},
	"rotated": false,
	"trimmed": false,
	"spriteSourceSize": {"x":0,"y":0,"w":49,"h":45},
	"sourceSize": {"w":49,"h":45},
	"pivot": {"x":0.5,"y":0.5}
},
{
	"filename": "green_button09",
	"frame": {"x":103,"y":511,"w":49,"h":49},
	"rotated": false,
	"trimmed": false,
	"spriteSourceSize": {"x":0,"y":0,"w":49,"h":49},
	"sourceSize": {"w":49,"h":49},
	"pivot": {"x":0.5,"y":0.5}
},
{
	"filename": "green_button10",
	"frame": {"x":922,"y":150,"w":49,"h":45},
	"rotated": false,
	"trimmed": false,
	"spriteSourceSize": {"x":0,"y":0,"w":49,"h":45},
	"sourceSize": {"w":49,"h":45},
	"pivot": {"x":0.5,"y":0.5}
},
{
	"filename": "green_button11",
	"frame": {"x":103,"y":562,"w":49,"h":49},
	"rotated": false,
	"trimmed": false,
	"spriteSourceSize": {"x":0,"y":0,"w":49,"h":49},
	"sourceSize": {"w":49,"h":49},
	"pivot": {"x":0.5,"y":0.5}
},
{
	"filename": "green_button12",
	"frame": {"x":973,"y":150,"w":49,"h":45},
	"rotated": false,
	"trimmed": false,
	"spriteSourceSize": {"x":0,"y":0,"w":49,"h":45},
	"sourceSize": {"w":49,"h":45},
	"pivot": {"x":0.5,"y":0.5}
},
{
	"filename": "green_button13",
	"frame": {"x":769,"y":52,"w":190,"h":49},
	"rotated": false,
	"trimmed": false,
	"spriteSourceSize": {"x":0,"y":0,"w":190,"h":49},
	"sourceSize": {"w":190,"h":49},
	"pivot": {"x":0.5,"y":0.5}
},
{
	"filename": "green_checkmark",
	"frame": {"x":1000,"y":313,"w":21,"h":20},
	"rotated": false,
	"trimmed": false,
	"spriteSourceSize": {"x":0,"y":0,"w":21,"h":20},
	"sourceSize": {"w":21,"h":20},
	"pivot": {"x":0.5,"y":0.5}
},
{
	"filename": "green_circle",
	"frame": {"x":604,"y":329,"w":36,"h":36},
	"rotated": false,
	"trimmed": false,
	"spriteSourceSize": {"x":0,"y":0,"w":36,"h":36},
	"sourceSize": {"w":36,"h":36},
	"pivot": {"x":0.5,"y":0.5}
},
{
	"filename": "green_cross",
	"frame": {"x":276,"y":542,"w":18,"h":18},
	"rotated": false,
	"trimmed": false,
	"spriteSourceSize": {"x":0,"y":0,"w":18,"h":18},
	"sourceSize": {"w":18,"h":18},
	"pivot": {"x":0.5,"y":0.5}
},
{
	"filename": "green_panel",
	"frame": {"x":1,"y":205,"w":100,"h":100},
	"rotated": false,
	"trimmed": false,
	"spriteSourceSize": {"x":0,"y":0,"w":100,"h":100},
	"sourceSize": {"w":100,"h":100},
	"pivot": {"x":0.5,"y":0.5}
},
{
	"filename": "green_sliderDown",
	"frame": {"x":307,"y":489,"w":28,"h":42},
	"rotated": false,
	"trimmed": false,
	"spriteSourceSize": {"x":0,"y":0,"w":28,"h":42},
	"sourceSize": {"w":28,"h":42},
	"pivot": {"x":0.5,"y":0.5}
},
{
	"filename": "green_sliderLeft",
	"frame": {"x":583,"y":399,"w":39,"h":31},
	"rotated": false,
	"trimmed": false,
	"spriteSourceSize": {"x":0,"y":0,"w":39,"h":31},
	"sourceSize": {"w":39,"h":31},
	"pivot": {"x":0.5,"y":0.5}
},
{
	"filename": "green_sliderRight",
	"frame": {"x":836,"y":291,"w":39,"h":31},
	"rotated": false,
	"trimmed": false,
	"spriteSourceSize": {"x":0,"y":0,"w":39,"h":31},
	"sourceSize": {"w":39,"h":31},
	"pivot": {"x":0.5,"y":0.5}
},
{
	"filename": "green_sliderUp",
	"frame": {"x":337,"y":401,"w":28,"h":42},
	"rotated": false,
	"trimmed": false,
	"spriteSourceSize": {"x":0,"y":0,"w":28,"h":42},
	"sourceSize": {"w":28,"h":42},
	"pivot": {"x":0.5,"y":0.5}
},
{
	"filename": "green_tick",
	"frame": {"x":806,"y":339,"w":17,"h":17},
	"rotated": false,
	"trimmed": false,
	"spriteSourceSize": {"x":0,"y":0,"w":17,"h":17},
	"sourceSize": {"w":17,"h":17},
	"pivot": {"x":0.5,"y":0.5}
},
{
	"filename": "grey_arrowDownGrey",
	"frame": {"x":295,"y":291,"w":15,"h":10},
	"rotated": false,
	"trimmed": false,
	"spriteSourceSize": {"x":0,"y":0,"w":15,"h":10},
	"sourceSize": {"w":15,"h":10},
	"pivot": {"x":0.5,"y":0.5}
},
{
	"filename": "grey_arrowDownWhite",
	"frame": {"x":312,"y":291,"w":15,"h":10},
	"rotated": false,
	"trimmed": false,
	"spriteSourceSize": {"x":0,"y":0,"w":15,"h":10},
	"sourceSize": {"w":15,"h":10},
	"pivot": {"x":0.5,"y":0.5}
},
{
	"filename": "grey_arrowUpGrey",
	"frame": {"x":329,"y":291,"w":15,"h":10},
	"rotated": false,
	"trimmed": false,
	"spriteSourceSize": {"x":0,"y":0,"w":15,"h":10},
	"sourceSize": {"w":15,"h":10},
	"pivot": {"x":0.5,"y":0.5}
},
{
	"filename": "grey_arrowUpWhite",
	"frame": {"x":346,"y":291,"w":15,"h":10},
	"rotated": false,
	"trimmed": false,
	"spriteSourceSize": {"x":0,"y":0,"w":15,"h":10},
	"sourceSize": {"w":15,"h":10},
	"pivot": {"x":0.5,"y":0.5}
},
{
	"filename": "grey_box",
	"frame": {"x":437,"y":477,"w":38,"h":36},
	"rotated": false,
	"trimmed": false,
	"spriteSourceSize": {"x":0,"y":0,"w":38,"h":36},
	"sourceSize": {"w":38,"h":36},
	"pivot": {"x":0.5,"y":0.5}
},
{
	"filename": "grey_boxCheckmark",
	"frame": {"x":448,"y":297,"w":38,"h":36},
	"rotated": false,
	"trimmed": false,
	"spriteSourceSize": {"x":0,"y":0,"w":38,"h":36},
	"sourceSize": {"w":38,"h":36},
	"pivot": {"x":0.5,"y":0.5}
},
{
	"filename": "grey_boxCross",
	"frame": {"x":448,"y":335,"w":38,"h":36},
	"rotated": false,
	"trimmed": false,
	"spriteSourceSize": {"x":0,"y":0,"w":38,"h":36},
	"sourceSize": {"w":38,"h":36},
	"pivot": {"x":0.5,"y":0.5}
},
{
	"filename": "grey_boxTick",
	"frame": {"x":606,"y":291,"w":36,"h":36},
	"rotated": false,
	"trimmed": false,
	"spriteSourceSize": {"x":0,"y":0,"w":36,"h":36},
	"sourceSize": {"w":36,"h":36},
	"pivot": {"x":0.5,"y":0.5}
},
{
	"filename": "grey_button00",
	"frame": {"x":487,"y":103,"w":190,"h":45},
	"rotated": false,
	"trimmed": false,
	"spriteSourceSize": {"x":0,"y":0,"w":190,"h":45},
	"sourceSize": {"w":190,"h":45},
	"pivot": {"x":0.5,"y":0.5}
},
{
	"filename": "grey_button01",
	"frame": {"x":1,"y":613,"w":190,"h":49},
	"rotated": false,
	"trimmed": false,
	"spriteSourceSize": {"x":0,"y":0,"w":190,"h":49},
	"sourceSize": {"w":190,"h":49},
	"pivot": {"x":0.5,"y":0.5}
},
{
	"filename": "grey_button02",
	"frame": {"x":487,"y":150,"w":190,"h":45},
	"rotated": false,
	"trimmed": false,
	"spriteSourceSize": {"x":0,"y":0,"w":190,"h":45},
	"sourceSize": {"w":190,"h":45},
	"pivot": {"x":0.5,"y":0.5}
},
{
	"filename": "grey_button03",
	"frame": {"x":1,"y":664,"w":190,"h":49},
	"rotated": false,
	"trimmed": false,
	"spriteSourceSize": {"x":0,"y":0,"w":190,"h":49},
	"sourceSize": {"w":190,"h":49},
	"pivot": {"x":0.5,"y":0.5}
},
{
	"filename": "grey_button04",
	"frame": {"x":487,"y":197,"w":190,"h":45},
	"rotated": false,
	"trimmed": false,
	"spriteSourceSize": {"x":0,"y":0,"w":190,"h":45},
	"sourceSize": {"w":190,"h":45},
	"pivot": {"x":0.5,"y":0.5}
},
{
	"filename": "grey_button05",
	"frame": {"x":1,"y":1,"w":195,"h":49},
	"rotated": false,
	"trimmed": false,
	"spriteSourceSize": {"x":0,"y":0,"w":195,"h":49},
	"sourceSize": {"w":195,"h":49},
	"pivot": {"x":0.5,"y":0.5}
},
{
	"filename": "grey_button06",
	"frame": {"x":198,"y":1,"w":191,"h":49},
	"rotated": false,
	"trimmed": false,
	"spriteSourceSize": {"x":0,"y":0,"w":191,"h":49},
	"sourceSize": {"w":191,"h":49},
	"pivot": {"x":0.5,"y":0.5}
},
{
	"filename": "grey_button07",
	"frame": {"x":154,"y":307,"w":49,"h":49},
	"rotated": false,
	"trimmed": false,
	"spriteSourceSize": {"x":0,"y":0,"w":49,"h":49},
	"sourceSize": {"w":49,"h":49},
	"pivot": {"x":0.5,"y":0.5}
},
{
	"filename": "grey_button08",
	"frame": {"x":154,"y":358,"w":49,"h":49},
	"rotated": false,
	"trimmed": false,
	"spriteSourceSize": {"x":0,"y":0,"w":49,"h":49},
	"sourceSize": {"w":49,"h":49},
	"pivot": {"x":0.5,"y":0.5}
},
{
	"filename": "grey_button09",
	"frame": {"x":871,"y":197,"w":49,"h":45},
	"rotated": false,
	"trimmed": false,
	"spriteSourceSize": {"x":0,"y":0,"w":49,"h":45},
	"sourceSize": {"w":49,"h":45},
	"pivot": {"x":0.5,"y":0.5}
},
{
	"filename": "grey_button10",
	"frame": {"x":154,"y":409,"w":49,"h":49},
	"rotated": false,
	"trimmed": false,
	"spriteSourceSize": {"x":0,"y":0,"w":49,"h":49},
	"sourceSize": {"w":49,"h":49},
	"pivot": {"x":0.5,"y":0.5}
},
{
	"filename": "grey_button11",
	"frame": {"x":922,"y":197,"w":49,"h":45},
	"rotated": false,
	"trimmed": false,
	"spriteSourceSize": {"x":0,"y":0,"w":49,"h":45},
	"sourceSize": {"w":49,"h":45},
	"pivot": {"x":0.5,"y":0.5}
},
{
	"filename": "grey_button12",
	"frame": {"x":154,"y":460,"w":49,"h":49},
	"rotated": false,
	"trimmed": false,
	"spriteSourceSize": {"x":0,"y":0,"w":49,"h":49},
	"sourceSize": {"w":49,"h":49},
	"pivot": {"x":0.5,"y":0.5}
},
{
	"filename": "grey_button13",
	"frame": {"x":973,"y":197,"w":49,"h":45},
	"rotated": false,
	"trimmed": false,
	"spriteSourceSize": {"x":0,"y":0,"w":49,"h":45},
	"sourceSize": {"w":49,"h":45},
	"pivot": {"x":0.5,"y":0.5}
},
{
	"filename": "grey_button14",
	"frame": {"x":1,"y":715,"w":190,"h":49},
	"rotated": false,
	"trimmed": false,
	"spriteSourceSize": {"x":0,"y":0,"w":190,"h":49},
	"sourceSize": {"w":190,"h":49},
	"pivot": {"x":0.5,"y":0.5}
},
{
	"filename": "grey_button15",
	"frame": {"x":1,"y":766,"w":190,"h":49},
	"rotated": false,
	"trimmed": false,
	"spriteSourceSize": {"x":0,"y":0,"w":190,"h":49},
	"sourceSize": {"w":190,"h":49},
	"pivot": {"x":0.5,"y":0.5}
},
{
	"filename": "grey_checkmarkGrey",
	"frame": {"x":767,"y":317,"w":21,"h":20},
	"rotated": false,
	"trimmed": false,
	"spriteSourceSize": {"x":0,"y":0,"w":21,"h":20},
	"sourceSize": {"w":21,"h":20},
	"pivot": {"x":0.5,"y":0.5}
},
{
	"filename": "grey_checkmarkWhite",
	"frame": {"x":790,"y":317,"w":21,"h":20},
	"rotated": false,
	"trimmed": false,
	"spriteSourceSize": {"x":0,"y":0,"w":21,"h":20},
	"sourceSize": {"w":21,"h":20},
	"pivot": {"x":0.5,"y":0.5}
},
{
	"filename": "grey_circle",
	"frame": {"x":477,"y":437,"w":36,"h":36},
	"rotated": false,
	"trimmed": false,
	"spriteSourceSize": {"x":0,"y":0,"w":36,"h":36},
	"sourceSize": {"w":36,"h":36},
	"pivot": {"x":0.5,"y":0.5}
},
{
	"filename": "grey_crossGrey",
	"frame": {"x":296,"y":542,"w":18,"h":18},
	"rotated": false,
	"trimmed": false,
	"spriteSourceSize": {"x":0,"y":0,"w":18,"h":18},
	"sourceSize": {"w":18,"h":18},
	"pivot": {"x":0.5,"y":0.5}
},
{
	"filename": "grey_crossWhite",
	"frame": {"x":477,"y":513,"w":18,"h":18},
	"rotated": false,
	"trimmed": false,
	"spriteSourceSize": {"x":0,"y":0,"w":18,"h":18},
	"sourceSize": {"w":18,"h":18},
	"pivot": {"x":0.5,"y":0.5}
},
{
	"filename": "grey_panel",
	"frame": {"x":1,"y":307,"w":100,"h":100},
	"rotated": false,
	"trimmed": false,
	"spriteSourceSize": {"x":0,"y":0,"w":100,"h":100},
	"sourceSize": {"w":100,"h":100},
	"pivot": {"x":0.5,"y":0.5}
},
{
	"filename": "grey_sliderDown",
	"frame": {"x":337,"y":445,"w":28,"h":42},
	"rotated": false,
	"trimmed": false,
	"spriteSourceSize": {"x":0,"y":0,"w":28,"h":42},
	"sourceSize": {"w":28,"h":42},
	"pivot": {"x":0.5,"y":0.5}
},
{
	"filename": "grey_sliderEnd",
	"frame": {"x":363,"y":291,"w":8,"h":10},
	"rotated": false,
	"trimmed": false,
	"spriteSourceSize": {"x":0,"y":0,"w":8,"h":10},
	"sourceSize": {"w":8,"h":10},
	"pivot": {"x":0.5,"y":0.5}
},
{
	"filename": "grey_sliderHorizontal",
	"frame": {"x":373,"y":291,"w":190,"h":4},
	"rotated": false,
	"trimmed": false,
	"spriteSourceSize": {"x":0,"y":0,"w":190,"h":4},
	"sourceSize": {"w":190,"h":4},
	"pivot": {"x":0.5,"y":0.5}
},
{
	"filename": "grey_sliderLeft",
	"frame": {"x":877,"y":291,"w":39,"h":31},
	"rotated": false,
	"trimmed": false,
	"spriteSourceSize": {"x":0,"y":0,"w":39,"h":31},
	"sourceSize": {"w":39,"h":31},
	"pivot": {"x":0.5,"y":0.5}
},
{
	"filename": "grey_sliderRight",
	"frame": {"x":918,"y":291,"w":39,"h":31},
	"rotated": false,
	"trimmed": false,
	"spriteSourceSize": {"x":0,"y":0,"w":39,"h":31},
	"sourceSize": {"w":39,"h":31},
	"pivot": {"x":0.5,"y":0.5}
},
{
	"filename": "grey_sliderUp",
	"frame": {"x":337,"y":489,"w":28,"h":42},
	"rotated": false,
	"trimmed": false,
	"spriteSourceSize": {"x":0,"y":0,"w":28,"h":42},
	"sourceSize": {"w":28,"h":42},
	"pivot": {"x":0.5,"y":0.5}
},
{
	"filename": "grey_sliderVertical",
	"frame": {"x":1018,"y":1,"w":4,"h":100},
	"rotated": false,
	"trimmed": false,
	"spriteSourceSize": {"x":0,"y":0,"w":4,"h":100},
	"sourceSize": {"w":4,"h":100},
	"pivot": {"x":0.5,"y":0.5}
},
{
	"filename": "grey_tickGrey",
	"frame": {"x":642,"y":350,"w":17,"h":17},
	"rotated": false,
	"trimmed": false,
	"spriteSourceSize": {"x":0,"y":0,"w":17,"h":17},
	"sourceSize": {"w":17,"h":17},
	"pivot": {"x":0.5,"y":0.5}
},
{
	"filename": "grey_tickWhite",
	"frame": {"x":661,"y":350,"w":17,"h":17},
	"rotated": false,
	"trimmed": false,
	"spriteSourceSize": {"x":0,"y":0,"w":17,"h":17},
	"sourceSize": {"w":17,"h":17},
	"pivot": {"x":0.5,"y":0.5}
},
{
	"filename": "red_boxCheckmark",
	"frame": {"x":467,"y":399,"w":38,"h":36},
	"rotated": false,
	"trimmed": false,
	"spriteSourceSize": {"x":0,"y":0,"w":38,"h":36},
	"sourceSize": {"w":38,"h":36},
	"pivot": {"x":0.5,"y":0.5}
},
{
	"filename": "red_boxCross",
	"frame": {"x":488,"y":297,"w":38,"h":36},
	"rotated": false,
	"trimmed": false,
	"spriteSourceSize": {"x":0,"y":0,"w":38,"h":36},
	"sourceSize": {"w":38,"h":36},
	"pivot": {"x":0.5,"y":0.5}
},
{
	"filename": "red_boxTick",
	"frame": {"x":507,"y":399,"w":36,"h":36},
	"rotated": false,
	"trimmed": false,
	"spriteSourceSize": {"x":0,"y":0,"w":36,"h":36},
	"sourceSize": {"w":36,"h":36},
	"pivot": {"x":0.5,"y":0.5}
},
{
	"filename": "red_button00",
	"frame": {"x":487,"y":244,"w":190,"h":45},
	"rotated": false,
	"trimmed": false,
	"spriteSourceSize": {"x":0,"y":0,"w":190,"h":45},
	"sourceSize": {"w":190,"h":45},
	"pivot": {"x":0.5,"y":0.5}
},
{
	"filename": "red_button01",
	"frame": {"x":1,"y":817,"w":190,"h":49},
	"rotated": false,
	"trimmed": false,
	"spriteSourceSize": {"x":0,"y":0,"w":190,"h":49},
	"sourceSize": {"w":190,"h":49},
	"pivot": {"x":0.5,"y":0.5}
},
{
	"filename": "red_button02",
	"frame": {"x":679,"y":103,"w":190,"h":45},
	"rotated": false,
	"trimmed": false,
	"spriteSourceSize": {"x":0,"y":0,"w":190,"h":45},
	"sourceSize": {"w":190,"h":45},
	"pivot": {"x":0.5,"y":0.5}
},
{
	"filename": "red_button03",
	"frame": {"x":154,"y":511,"w":49,"h":49},
	"rotated": false,
	"trimmed": false,
	"spriteSourceSize": {"x":0,"y":0,"w":49,"h":49},
	"sourceSize": {"w":49,"h":49},
	"pivot": {"x":0.5,"y":0.5}
},
{
	"filename": "red_button04",
	"frame": {"x":154,"y":562,"w":49,"h":49},
	"rotated": false,
	"trimmed": false,
	"spriteSourceSize": {"x":0,"y":0,"w":49,"h":49},
	"sourceSize": {"w":49,"h":49},
	"pivot": {"x":0.5,"y":0.5}
},
{
	"filename": "red_button05",
	"frame": {"x":871,"y":244,"w":49,"h":45},
	"rotated": false,
	"trimmed": false,
	"spriteSourceSize": {"x":0,"y":0,"w":49,"h":45},
	"sourceSize": {"w":49,"h":45},
	"pivot": {"x":0.5,"y":0.5}
},
{
	"filename": "red_button06",
	"frame": {"x":193,"y":613,"w":49,"h":49},
	"rotated": false,
	"trimmed": false,
	"spriteSourceSize": {"x":0,"y":0,"w":49,"h":49},
	"sourceSize": {"w":49,"h":49},
	"pivot": {"x":0.5,"y":0.5}
},
{
	"filename": "red_button07",
	"frame": {"x":922,"y":244,"w":49,"h":45},
	"rotated": false,
	"trimmed": false,
	"spriteSourceSize": {"x":0,"y":0,"w":49,"h":45},
	"sourceSize": {"w":49,"h":45},
	"pivot": {"x":0.5,"y":0.5}
},
{
	"filename": "red_button08",
	"frame": {"x":205,"y":307,"w":49,"h":49},
	"rotated": false,
	"trimmed": false,
	"spriteSourceSize": {"x":0,"y":0,"w":49,"h":49},
	"sourceSize": {"w":49,"h":49},
	"pivot": {"x":0.5,"y":0.5}
},
{
	"filename": "red_button09",
	"frame": {"x":973,"y":244,"w":49,"h":45},
	"rotated": false,
	"trimmed": false,
	"spriteSourceSize": {"x":0,"y":0,"w":49,"h":45},
	"sourceSize": {"w":49,"h":45},
	"pivot": {"x":0.5,"y":0.5}
},
{
	"filename": "red_button10",
	"frame": {"x":1,"y":868,"w":190,"h":49},
	"rotated": false,
	"trimmed": false,
	"spriteSourceSize": {"x":0,"y":0,"w":190,"h":49},
	"sourceSize": {"w":190,"h":49},
	"pivot": {"x":0.5,"y":0.5}
},
{
	"filename": "red_button11",
	"frame": {"x":1,"y":919,"w":190,"h":49},
	"rotated": false,
	"trimmed": false,
	"spriteSourceSize": {"x":0,"y":0,"w":190,"h":49},
	"sourceSize": {"w":190,"h":49},
	"pivot": {"x":0.5,"y":0.5}
},
{
	"filename": "red_button12",
	"frame": {"x":679,"y":150,"w":190,"h":45},
	"rotated": false,
	"trimmed": false,
	"spriteSourceSize": {"x":0,"y":0,"w":190,"h":45},
	"sourceSize": {"w":190,"h":45},
	"pivot": {"x":0.5,"y":0.5}
},
{
	"filename": "red_button13",
	"frame": {"x":1,"y":970,"w":190,"h":49},
	"rotated": false,
	"trimmed": false,
	"spriteSourceSize": {"x":0,"y":0,"w":190,"h":49},
	"sourceSize": {"w":190,"h":49},
	"pivot": {"x":0.5,"y":0.5}
},
{
	"filename": "red_checkmark",
	"frame": {"x":813,"y":317,"w":21,"h":20},
	"rotated": false,
	"trimmed": false,
	"spriteSourceSize": {"x":0,"y":0,"w":21,"h":20},
	"sourceSize": {"w":21,"h":20},
	"pivot": {"x":0.5,"y":0.5}
},
{
	"filename": "red_circle",
	"frame": {"x":477,"y":475,"w":36,"h":36},
	"rotated": false,
	"trimmed": false,
	"spriteSourceSize": {"x":0,"y":0,"w":36,"h":36},
	"sourceSize": {"w":36,"h":36},
	"pivot": {"x":0.5,"y":0.5}
},
{
	"filename": "red_cross",
	"frame": {"x":497,"y":513,"w":18,"h":18},
	"rotated": false,
	"trimmed": false,
	"spriteSourceSize": {"x":0,"y":0,"w":18,"h":18},
	"sourceSize": {"w":18,"h":18},
	"pivot": {"x":0.5,"y":0.5}
},
{
	"filename": "red_panel",
	"frame": {"x":1,"y":409,"w":100,"h":100},
	"rotated": false,
	"trimmed": false,
	"spriteSourceSize": {"x":0,"y":0,"w":100,"h":100},
	"sourceSize": {"w":100,"h":100},
	"pivot": {"x":0.5,"y":0.5}
},
{
	"filename": "red_sliderDown",
	"frame": {"x":367,"y":401,"w":28,"h":42},
	"rotated": false,
	"trimmed": false,
	"spriteSourceSize": {"x":0,"y":0,"w":28,"h":42},
	"sourceSize": {"w":28,"h":42},
	"pivot": {"x":0.5,"y":0.5}
},
{
	"filename": "red_sliderLeft",
	"frame": {"x":959,"y":291,"w":39,"h":31},
	"rotated": false,
	"trimmed": false,
	"spriteSourceSize": {"x":0,"y":0,"w":39,"h":31},
	"sourceSize": {"w":39,"h":31},
	"pivot": {"x":0.5,"y":0.5}
},
{
	"filename": "red_sliderRight",
	"frame": {"x":644,"y":317,"w":39,"h":31},
	"rotated": false,
	"trimmed": false,
	"spriteSourceSize": {"x":0,"y":0,"w":39,"h":31},
	"sourceSize": {"w":39,"h":31},
	"pivot": {"x":0.5,"y":0.5}
},
{
	"filename": "red_sliderUp",
	"frame": {"x":367,"y":445,"w":28,"h":42},
	"rotated": false,
	"trimmed": false,
	"spriteSourceSize": {"x":0,"y":0,"w":28,"h":42},
	"sourceSize": {"w":28,"h":42},
	"pivot": {"x":0.5,"y":0.5}
},
{
	"filename": "red_tick",
	"frame": {"x":680,"y":350,"w":17,"h":17},
	"rotated": false,
	"trimmed": false,
	"spriteSourceSize": {"x":0,"y":0,"w":17,"h":17},
	"sourceSize": {"w":17,"h":17},
	"pivot": {"x":0.5,"y":0.5}
},
{
	"filename": "yellow_boxCheckmark",
	"frame": {"x":488,"y":335,"w":38,"h":36},
	"rotated": false,
	"trimmed": false,
	"spriteSourceSize": {"x":0,"y":0,"w":38,"h":36},
	"sourceSize": {"w":38,"h":36},
	"pivot": {"x":0.5,"y":0.5}
},
{
	"filename": "yellow_boxCross",
	"frame": {"x":528,"y":297,"w":38,"h":36},
	"rotated": false,
	"trimmed": false,
	"spriteSourceSize": {"x":0,"y":0,"w":38,"h":36},
	"sourceSize": {"w":38,"h":36},
	"pivot": {"x":0.5,"y":0.5}
},
{
	"filename": "yellow_boxTick",
	"frame": {"x":515,"y":437,"w":36,"h":36},
	"rotated": false,
	"trimmed": false,
	"spriteSourceSize": {"x":0,"y":0,"w":36,"h":36},
	"sourceSize": {"w":36,"h":36},
	"pivot": {"x":0.5,"y":0.5}
},
{
	"filename": "yellow_button00",
	"frame": {"x":103,"y":103,"w":190,"h":49},
	"rotated": false,
	"trimmed": false,
	"spriteSourceSize": {"x":0,"y":0,"w":190,"h":49},
	"sourceSize": {"w":190,"h":49},
	"pivot": {"x":0.5,"y":0.5}
},
{
	"filename": "yellow_button01",
	"frame": {"x":679,"y":197,"w":190,"h":45},
	"rotated": false,
	"trimmed": false,
	"spriteSourceSize": {"x":0,"y":0,"w":190,"h":45},
	"sourceSize": {"w":190,"h":45},
	"pivot": {"x":0.5,"y":0.5}
},
{
	"filename": "yellow_button02",
	"frame": {"x":103,"y":154,"w":190,"h":49},
	"rotated": false,
	"trimmed": false,
	"spriteSourceSize": {"x":0,"y":0,"w":190,"h":49},
	"sourceSize": {"w":190,"h":49},
	"pivot": {"x":0.5,"y":0.5}
},
{
	"filename": "yellow_button03",
	"frame": {"x":679,"y":244,"w":190,"h":45},
	"rotated": false,
	"trimmed": false,
	"spriteSourceSize": {"x":0,"y":0,"w":190,"h":45},
	"sourceSize": {"w":190,"h":45},
	"pivot": {"x":0.5,"y":0.5}
},
{
	"filename": "yellow_button04",
	"frame": {"x":103,"y":205,"w":190,"h":49},
	"rotated": false,
	"trimmed": false,
	"spriteSourceSize": {"x":0,"y":0,"w":190,"h":49},
	"sourceSize": {"w":190,"h":49},
	"pivot": {"x":0.5,"y":0.5}
},
{
	"filename": "yellow_button05",
	"frame": {"x":256,"y":354,"w":190,"h":45},
	"rotated": false,
	"trimmed": false,
	"spriteSourceSize": {"x":0,"y":0,"w":190,"h":45},
	"sourceSize": {"w":190,"h":45},
	"pivot": {"x":0.5,"y":0.5}
},
{
	"filename": "yellow_button06",
	"frame": {"x":205,"y":358,"w":49,"h":49},
	"rotated": false,
	"trimmed": false,
	"spriteSourceSize": {"x":0,"y":0,"w":49,"h":49},
	"sourceSize": {"w":49,"h":49},
	"pivot": {"x":0.5,"y":0.5}
},
{
	"filename": "yellow_button07",
	"frame": {"x":205,"y":409,"w":49,"h":49},
	"rotated": false,
	"trimmed": false,
	"spriteSourceSize": {"x":0,"y":0,"w":49,"h":49},
	"sourceSize": {"w":49,"h":49},
	"pivot": {"x":0.5,"y":0.5}
},
{
	"filename": "yellow_button08",
	"frame": {"x":256,"y":401,"w":49,"h":45},
	"rotated": false,
	"trimmed": false,
	"spriteSourceSize": {"x":0,"y":0,"w":49,"h":45},
	"sourceSize": {"w":49,"h":45},
	"pivot": {"x":0.5,"y":0.5}
},
{
	"filename": "yellow_button09",
	"frame": {"x":205,"y":460,"w":49,"h":49},
	"rotated": false,
	"trimmed": false,
	"spriteSourceSize": {"x":0,"y":0,"w":49,"h":49},
	"sourceSize": {"w":49,"h":49},
	"pivot": {"x":0.5,"y":0.5}
},
{
	"filename": "yellow_button10",
	"frame": {"x":256,"y":448,"w":49,"h":45},
	"rotated": false,
	"trimmed": false,
	"spriteSourceSize": {"x":0,"y":0,"w":49,"h":45},
	"sourceSize": {"w":49,"h":45},
	"pivot": {"x":0.5,"y":0.5}
},
{
	"filename": "yellow_button11",
	"frame": {"x":205,"y":511,"w":49,"h":49},
	"rotated": false,
	"trimmed": false,
	"spriteSourceSize": {"x":0,"y":0,"w":49,"h":49},
	"sourceSize": {"w":49,"h":49},
	"pivot": {"x":0.5,"y":0.5}
},
{
	"filename": "yellow_button12",
	"frame": {"x":256,"y":495,"w":49,"h":45},
	"rotated": false,
	"trimmed": false,
	"spriteSourceSize": {"x":0,"y":0,"w":49,"h":45},
	"sourceSize": {"w":49,"h":45},
	"pivot": {"x":0.5,"y":0.5}
},
{
	"filename": "yellow_button13",
	"frame": {"x":103,"y":256,"w":190,"h":49},
	"rotated": false,
	"trimmed": false,
	"spriteSourceSize": {"x":0,"y":0,"w":190,"h":49},
	"sourceSize": {"w":190,"h":49},
	"pivot": {"x":0.5,"y":0.5}
},
{
	"filename": "yellow_checkmark",
	"frame": {"x":836,"y":324,"w":21,"h":20},
	"rotated": false,
	"trimmed": false,
	"spriteSourceSize": {"x":0,"y":0,"w":21,"h":20},
	"sourceSize": {"w":21,"h":20},
	"pivot": {"x":0.5,"y":0.5}
},
{
	"filename": "yellow_circle",
	"frame": {"x":545,"y":399,"w":36,"h":36},
	"rotated": false,
	"trimmed": false,
	"spriteSourceSize": {"x":0,"y":0,"w":36,"h":36},
	"sourceSize": {"w":36,"h":36},
	"pivot": {"x":0.5,"y":0.5}
},
{
	"filename": "yellow_cross",
	"frame": {"x":767,"y":339,"w":18,"h":18},
	"rotated": false,
	"trimmed": false,
	"spriteSourceSize": {"x":0,"y":0,"w":18,"h":18},
	"sourceSize": {"w":18,"h":18},
	"pivot": {"x":0.5,"y":0.5}
},
{
	"filename": "yellow_panel",
	"frame": {"x":1,"y":511,"w":100,"h":100},
	"rotated": false,
	"trimmed": false,
	"spriteSourceSize": {"x":0,"y":0,"w":100,"h":100},
	"sourceSize": {"w":100,"h":100},
	"pivot": {"x":0.5,"y":0.5}
},
{
	"filename": "yellow_sliderDown",
	"frame": {"x":367,"y":489,"w":28,"h":42},
	"rotated": false,
	"trimmed": false,
	"spriteSourceSize": {"x":0,"y":0,"w":28,"h":42},
	"sourceSize": {"w":28,"h":42},
	"pivot": {"x":0.5,"y":0.5}
},
{
	"filename": "yellow_sliderLeft",
	"frame": {"x":685,"y":317,"w":39,"h":31},
	"rotated": false,
	"trimmed": false,
	"spriteSourceSize": {"x":0,"y":0,"w":39,"h":31},
	"sourceSize": {"w":39,"h":31},
	"pivot": {"x":0.5,"y":0.5}
},
{
	"filename": "yellow_sliderRight",
	"frame": {"x":726,"y":317,"w":39,"h":31},
	"rotated": false,
	"trimmed": false,
	"spriteSourceSize": {"x":0,"y":0,"w":39,"h":31},
	"sourceSize": {"w":39,"h":31},
	"pivot": {"x":0.5,"y":0.5}
},
{
	"filename": "yellow_sliderUp",
	"frame": {"x":397,"y":401,"w":28,"h":42},
	"rotated": false,
	"trimmed": false,
	"spriteSourceSize": {"x":0,"y":0,"w":28,"h":42},
	"sourceSize": {"w":28,"h":42},
	"pivot": {"x":0.5,"y":0.5}
},
{
	"filename": "yellow_tick",
	"frame": {"x":699,"y":350,"w":17,"h":17},
	"rotated": false,
	"trimmed": false,
	"spriteSourceSize": {"x":0,"y":0,"w":17,"h":17},
	"sourceSize": {"w":17,"h":17},
	"pivot": {"x":0.5,"y":0.5}
}],
"meta": {
	"app": "http://www.codeandweb.com/texturepacker",
	"version": "1.0",
	"image": "UI_Assets.png",
	"format": "INDEXED",
	"size": {"w":1024,"h":1024},
	"scale": "1",
	"smartupdate": "$TexturePacker:SmartUpdate:1f7005d38569aab218dc3997aecb68e5:9b74ecbd05a68429ea009da231f6aae1:789186d00ba8d6b41c6c669108d18494$"
}
}
