{
	"tags"      : {
		"allowUnknownTags" : true
	},
	"plugins"   : ["plugins/markdown"],

	"templates" : {
		"cleverLinks"           : false,
		"monospaceLinks"        : false,
		"dateFormat"            : "ddd MMM Do YYYY",
		"outputSourceFiles"     : true,
		"outputSourcePath"      : true,
		"systemName"            : "DocStrap",
		"footer"                : "",
		"copyright"             : "DocStrap Copyright © 2012-2014 The contributors to the JSDoc3 and DocStrap projects.",
		"navType"               : "vertical",
		"theme"                 : "cosmo",
		"linenums"              : true,
		"collapseSymbols"       : false,
		"inverseNav"            : true,
		"highlightTutorialCode" : true,
		"protocol": "fred://"
	},
	"markdown"  : {
		"parser"   : "gfm",
		"hardwrap" : true
	}
}
